<?xml version="1.0" encoding="utf-8"?>
<theme id="action" name="Lil' Peepz" cc_theme_id="cc2">
	<background id="ncc_medium.swf" name="Medium Horizoon" enable="Y" default="N" is_premium="N" aid="10712" money="0" sharing="0"/>
	<background id="ncc_low.swf" name="Low Horizoon" enable="Y" default="N" is_premium="N" aid="10800" money="0" sharing="0"/>
	<compositebg id="cbg_living_rm01" name="Living room" enable="Y" default="N" thumb="living_rm01.jpg" display_order="0" is_premium="N" money="0" sharing="0" aid="10713">
	<bg id="cbg_living_rm01_BG43" index="0">
		<file>action.ncc_medium.swf</file>
		<color r="colorA">13295579</color>
		<color r="colorB">8618916</color>
	</bg>
	<prop id="cbg_living_rm01_PROP362" index="3">
		<file>action.backdrop.swf</file>
		<x>425</x>
		<y>112</y>
		<xscale>0.4</xscale>
		<yscale>0.39</yscale>
		<face>1</face>
		<rotation>0</rotation>
	</prop>
	<prop id="cbg_living_rm01_PROP363" index="4">
		<file>action.window_display.swf</file>
		<x>370.6</x>
		<y>69</y>
		<xscale>1.19</xscale>
		<yscale>1.19</yscale>
		<face>1</face>
		<rotation>0</rotation>
	</prop>
	<prop id="cbg_living_rm01_PROP364" index="5">
		<file>action.window_display.swf</file>
		<x>489.4</x>
		<y>69</y>
		<xscale>1.19</xscale>
		<yscale>1.19</yscale>
		<face>1</face>
		<rotation>0</rotation>
	</prop>
	<prop id="cbg_living_rm01_PROP365" index="6">
		<file>action.msp_door01.msp_door01_door01_front_close.swf</file>
		<x>117</x>
		<y>132</y>
		<xscale>0.86</xscale>
		<yscale>0.86</yscale>
		<face>-1</face>
		<rotation>0</rotation>
		<color r="ccColorA">7292976</color>
	</prop>
	<prop id="cbg_living_rm01_PROP366" index="1">
		<file>action.msp_pic01.msp_pic01_pic_front.swf</file>
		<x>250</x>
		<y>86</y>
		<xscale>1</xscale>
		<yscale>1</yscale>
		<face>1</face>
		<rotation>0</rotation>
		<color r="ccColorA">16777215</color>
	</prop>
	<prop id="cbg_living_rm01_PROP367" index="7">
		<file>action.carpet.swf</file>
		<x>332</x>
		<y>302</y>
		<xscale>1.67</xscale>
		<yscale>1.48</yscale>
		<face>1</face>
		<rotation>0</rotation>
		<color r="ccColorA">12768730</color>
		<color r="ccColorB">10053171</color>
	</prop>
	<prop id="cbg_living_rm01_PROP368" index="8">
		<file>action.msp_sofa02.msp_sofa02_sofa02_front.swf</file>
		<x>397</x>
		<y>207.5</y>
		<xscale>1</xscale>
		<yscale>1</yscale>
		<face>1</face>
		<rotation>0</rotation>
		<color r="ccColorA">10066278</color>
	</prop>
	<prop id="cbg_living_rm01_PROP369" index="9">
		<file>action.lamp_floor.swf</file>
		<x>568</x>
		<y>146</y>
		<xscale>1</xscale>
		<yscale>1</yscale>
		<face>1</face>
		<rotation>0</rotation>
		<color r="ccColorA">16777164</color>
		<color r="ccColorB">6697728</color>
	</prop>
	<prop id="cbg_living_rm01_PROP370" index="10">
		<file>action.msp_shelves03.msp_shelves03_bookshelves_front.swf</file>
		<x>212</x>
		<y>347</y>
		<xscale>1</xscale>
		<yscale>1</yscale>
		<face>1</face>
		<rotation>0</rotation>
	</prop>
	<prop id="cbg_living_rm01_PROP371" index="11">
		<file>action.msp_old_tv.msp_old_tv_old_tv_back.swf</file>
		<x>213.1</x>
		<y>268</y>
		<xscale>1</xscale>
		<yscale>1</yscale>
		<face>1</face>
		<rotation>0</rotation>
	</prop>
</compositebg>
	<compositebg id="cbg_street01" name="Street" enable="Y" default="Y" thumb="street01.jpg" display_order="0" is_premium="N" money="0" sharing="0" aid="10801">
	<bg id="cbg_street01_BG3" index="0">
		<file>action.ncc_low.swf</file>
		<color r="colorB">3290175</color>
		<color r="colorA">9672351</color>
	</bg>
	<prop id="cbg_street01_PROP0" index="2">
		<file>action.msp_vending_drink.msp_vending_drink_vending_drink.swf</file>
		<x>80</x>
		<y>184</y>
		<xscale>1</xscale>
		<yscale>1</yscale>
		<face>1</face>
		<rotation>0</rotation>
		<color r="ccColorA">5995069</color>
	</prop>
	<prop id="cbg_street01_PROP3" index="3">
		<file>action.msp_vending_drink.msp_vending_drink_vending_drink.swf</file>
		<x>225</x>
		<y>184</y>
		<xscale>1</xscale>
		<yscale>1</yscale>
		<face>1</face>
		<rotation>0</rotation>
		<color r="ccColorA">9319733</color>
	</prop>
	<prop id="cbg_street01_PROP2" index="4">
		<file>action.bench01.swf</file>
		<x>432</x>
		<y>247</y>
		<xscale>0.85</xscale>
		<yscale>0.85</yscale>
		<face>1</face>
		<rotation>0</rotation>
		<color r="ccColorA">6710886</color>
	</prop>
	<prop id="cbg_street01_PROP8" index="5">
		<file>action.street_lamp.swf</file>
		<x>566</x>
		<y>177</y>
		<xscale>1.7</xscale>
		<yscale>1.77</yscale>
		<face>-1</face>
		<rotation>0</rotation>
	</prop>
</compositebg>
	<prop id="vending_drink.swf" name="Drinks vending machine" holdable="0" placeable="1" wearable="0" facing="left" thumb="" enable="Y" is_premium="N" aid="10797" money="0" sharing="0"/>
	<prop id="bench01.swf" name="Bench" holdable="0" placeable="1" wearable="0" facing="left" thumb="" enable="Y" is_premium="N" aid="10798" money="0" sharing="0"/>
	<prop id="street_lamp.swf" name="Street lamp" holdable="0" placeable="1" wearable="0" facing="left" thumb="" enable="Y" is_premium="N" aid="10799" money="0" sharing="0"/>
	<prop id="backdrop.swf" name="City backdrop" holdable="0" placeable="1" wearable="0" facing="left" thumb="" enable="Y" is_premium="N" aid="10690" money="0" sharing="0"/>
	<prop id="window_display.swf" name="Window" holdable="0" placeable="1" wearable="0" facing="left" thumb="" enable="Y" is_premium="N" aid="10691" money="0" sharing="0"/>
	<prop id="msp_door01" name="Door" holdable="0" placeable="1" wearable="0" facing="left" thumb="msp_door01_door01_front_close.swf" enable="Y" is_premium="N" aid="10692" money="0" sharing="0">
		<state id="msp_door01_door01_front_close.swf" name="front closed" enable="Y" default="Y"/>
		<state id="msp_door01_door01_front_open.swf" name="front open" enable="Y"/>
	</prop>
	<prop id="msp_pic01" name="Picture" holdable="0" placeable="1" wearable="0" facing="left" thumb="msp_pic01_pic_front.swf" enable="Y" is_premium="N" aid="10695" money="0" sharing="0">
		<state id="msp_pic01_pic_front.swf" name="front" enable="Y" default="Y"/>
		<state id="msp_pic01_pic_side.swf" name="side" enable="Y"/>
	</prop>
	<prop id="msp_sofa02" name="sofa" holdable="0" placeable="1" wearable="0" facing="left" thumb="msp_sofa02_sofa02_front.swf" enable="Y" is_premium="N" aid="10698" money="0" sharing="0">
		<state id="msp_sofa02_sofa02_front.swf" name="front" enable="Y" default="Y"/>
		<state id="msp_sofa02_sofa02_side.swf" name="side" enable="Y"/>
	</prop>
	<prop id="lamp_floor.swf" name="Lamp (floor)" holdable="0" placeable="1" wearable="0" facing="left" thumb="" enable="Y" is_premium="N" aid="10701" money="0" sharing="0"/>
	<prop id="msp_shelves03" name="Bookshelves" holdable="0" placeable="1" wearable="0" facing="left" thumb="msp_shelves03_bookshelves_front.swf" enable="Y" is_premium="N" aid="10702" money="0" sharing="0">
		<state id="msp_shelves03_bookshelves_front.swf" name="front" enable="Y" default="Y"/>
		<state id="msp_shelves03_bookshelves_side.swf" name="side" enable="Y"/>
	</prop>
	<prop id="msp_old_tv" name="Old TV" holdable="0" placeable="1" wearable="0" facing="left" thumb="msp_old_tv_old_tv_front.swf" enable="Y" is_premium="N" aid="10705" money="0" sharing="0">
		<state id="msp_old_tv_old_tv_front.swf" name="front" enable="Y" default="Y"/>
		<state id="msp_old_tv_old_tv_front_non.swf" name="front transparent" enable="Y"/>
		<state id="msp_old_tv_old_tv_back.swf" name="back" enable="Y"/>
		<state id="msp_old_tv_old_tv_side.swf" name="side" enable="Y"/>
		<state id="msp_old_tv_old_tv_side_back.swf" name="side back" enable="Y"/>
	</prop>
	<prop id="carpet.swf" name="Carpet" holdable="0" placeable="1" wearable="0" facing="left" thumb="" enable="Y" is_premium="N" aid="10711" money="0" sharing="0"/>
	<prop id="msp_vending_drink" name="Vending machine" holdable="0" placeable="1" wearable="0" facing="left" thumb="msp_vending_drink_vending_drink.swf" enable="Y" is_premium="Y" aid="12172" money="0" sharing="0">
		<state id="msp_vending_drink_vending_drink.swf" name="front" enable="Y" default="Y"/>
		<state id="msp_vending_drink_ncc_vending_drink_side.swf" name="side" enable="Y"/>
	</prop>
<!--CHARACTERS-->
<char id="1931638" name="Untitled" cc_theme_id="cc2" thumbnail_url="stock_thumbs/1931638.png" copyable="Y">
<tags>cc2,_cat:Professions</tags>
</char>
<char id="1931641" name="Untitled" cc_theme_id="cc2" thumbnail_url="stock_thumbs/1931641.png" copyable="Y">
<tags>cc2,_cat:Professions</tags>
</char>
<char id="1932350" name="Untitled" cc_theme_id="cc2" thumbnail_url="stock_thumbs/1932350.png" copyable="Y">
<tags>cc2,_cat:Professions</tags>
</char>
<char id="1932351" name="Untitled" cc_theme_id="cc2" thumbnail_url="stock_thumbs/1932351.png" copyable="Y">
<tags>cc2,_cat:Professions</tags>
</char>
<char id="2349098" name="Untitled" cc_theme_id="cc2" thumbnail_url="stock_thumbs/2349098.png" copyable="Y">
<tags>cc2,_cat:Professions</tags>
</char>
<char id="2707461" name="Untitled" cc_theme_id="cc2" thumbnail_url="stock_thumbs/2707461.png" copyable="Y">
<tags>cc2,_cat:Professions</tags>
</char>    
<char id="2707561" name="Untitled" cc_theme_id="cc2" thumbnail_url="stock_thumbs/2707561.png" copyable="Y">
<tags>cc2,_cat:Guy</tags>
</char>        
<char id="2707602" name="Untitled" cc_theme_id="cc2" thumbnail_url="stock_thumbs/2707602.png" copyable="Y">
<tags>cc2,_cat:Professions</tags>
</char>        
<char id="2707645" name="Untitled" cc_theme_id="cc2" thumbnail_url="stock_thumbs/2707645.png" copyable="Y">
<tags>cc2,_cat:Guy</tags>
</char>
<char id="2707672" name="Untitled" cc_theme_id="cc2" thumbnail_url="stock_thumbs/2707672.png" copyable="Y">
<tags>cc2,_cat:Sci-fi</tags>
</char>      
<char id="2707707" name="Untitled" cc_theme_id="cc2" thumbnail_url="stock_thumbs/2707707.png" copyable="Y">
<tags>cc2,_cat:Sci-fi</tags>
</char>      
<char id="2707726" name="Untitled" cc_theme_id="cc2" thumbnail_url="stock_thumbs/2707726.png" copyable="Y">
<tags>cc2,_cat:Police</tags>
</char> 
<char id="2707747" name="Untitled" cc_theme_id="cc2" thumbnail_url="stock_thumbs/2707747.png" copyable="Y">
<tags>cc2,_cat:Professions</tags>
</char> 
<char id="2707774" name="Untitled" cc_theme_id="cc2" thumbnail_url="stock_thumbs/2707774.png" copyable="Y">
<tags>cc2,_cat:Family</tags>
</char> 
<char id="2707908" name="Untitled" cc_theme_id="cc2" thumbnail_url="stock_thumbs/2707908.png" copyable="Y">
<tags>cc2,_cat:Girl</tags>
</char> 
<char id="2707951" name="Untitled" cc_theme_id="cc2" thumbnail_url="stock_thumbs/2707951.png" copyable="Y">
<tags>cc2,_cat:Girl</tags>
</char> 
<char id="2708009" name="Untitled" cc_theme_id="cc2" thumbnail_url="stock_thumbs/2708009.png" copyable="Y">
<tags>cc2,_cat:Professions</tags>
</char> 
<char id="2708051" name="Untitled" cc_theme_id="cc2" thumbnail_url="stock_thumbs/2708051.png" copyable="Y">
<tags>cc2,_cat:Professions</tags>
</char> 
<char id="2708059" name="Untitled" cc_theme_id="cc2" thumbnail_url="stock_thumbs/2708059.png" copyable="Y">
<tags>cc2,_cat:History</tags>
</char> 
<char id="2708070" name="Untitled" cc_theme_id="cc2" thumbnail_url="stock_thumbs/2708070.png" copyable="Y">
<tags>cc2,_cat:Scary</tags>
</char>
<char id="2708145" name="Untitled" cc_theme_id="cc2" thumbnail_url="stock_thumbs/2708145.png" copyable="Y">
<tags>cc2,_cat:Family</tags>
</char>   
<char id="2756473" name="Untitled" cc_theme_id="cc2" thumbnail_url="stock_thumbs/2756473.png" copyable="Y">
<tags>cc2,_cat:Scary</tags>
</char>    
<char id="2756479" name="Untitled" cc_theme_id="cc2" thumbnail_url="stock_thumbs/2756479.png" copyable="Y">
<tags>cc2,_cat:Scary</tags>
</char>    
<char id="2756503" name="Untitled" cc_theme_id="cc2" thumbnail_url="stock_thumbs/2756503.png" copyable="Y">
<tags>cc2,_cat:Scary</tags>
</char>    
<char id="2756529" name="Untitled" cc_theme_id="cc2" thumbnail_url="stock_thumbs/2756529.png" copyable="Y">
<tags>cc2,_cat:Scary</tags>
</char>    
<char id="2756536" name="Untitled" cc_theme_id="cc2" thumbnail_url="stock_thumbs/2756536.png" copyable="Y">
<tags>cc2,_cat:Scary</tags>
</char>    
<char id="2756544" name="Untitled" cc_theme_id="cc2" thumbnail_url="stock_thumbs/2756544.png" copyable="Y">
<tags>cc2,_cat:Scary</tags>
</char>        
<char id="2756553" name="Untitled" cc_theme_id="cc2" thumbnail_url="stock_thumbs/2756553.png" copyable="Y">
<tags>cc2,_cat:Scary</tags>
</char> 
<char id="2756569" name="Untitled" cc_theme_id="cc2" thumbnail_url="stock_thumbs/2756569.png" copyable="Y">
<tags>cc2,_cat:Professions</tags>
</char>   
<char id="2756605" name="Untitled" cc_theme_id="cc2" thumbnail_url="stock_thumbs/2756605.png" copyable="Y">
<tags>cc2,_cat:Scary</tags>
</char>   
<char id="2756693" name="Untitled" cc_theme_id="cc2" thumbnail_url="stock_thumbs/2756693.png" copyable="Y">
<tags>cc2,_cat:Scary</tags>
</char>   
<char id="2756775" name="Untitled" cc_theme_id="cc2" thumbnail_url="stock_thumbs/2756775.png" copyable="Y">
<tags>cc2,_cat:Professions</tags>
</char>  
<char id="2756815" name="Untitled" cc_theme_id="cc2" thumbnail_url="stock_thumbs/2756815.png" copyable="Y">
<tags>cc2,_cat:Scary</tags>
</char> 
<char id="2757045" name="Untitled" cc_theme_id="cc2" thumbnail_url="stock_thumbs/2757045.png" copyable="Y">
<tags>cc2,_cat:Scary</tags>
</char> 
<char id="2757047" name="Untitled" cc_theme_id="cc2" thumbnail_url="stock_thumbs/2757047.png" copyable="Y">
<tags>cc2,_cat:Scary</tags>
</char> 
<char id="2757090" name="Untitled" cc_theme_id="cc2" thumbnail_url="stock_thumbs/2757090.png" copyable="Y">
<tags>cc2,_cat:Scary</tags>
</char>
<char id="3179231" name="Untitled" cc_theme_id="cc2" thumbnail_url="stock_thumbs/3179231.png" copyable="Y">
<tags>cc2,_cat:Family</tags>
</char> 
<char id="3179265" name="Untitled" cc_theme_id="cc2" thumbnail_url="stock_thumbs/3179265.png" copyable="Y">
<tags>cc2,_cat:Family</tags>
</char> 
<char id="3179355" name="Untitled" cc_theme_id="cc2" thumbnail_url="stock_thumbs/3179355.png" copyable="Y">
<tags>cc2,_cat:Professions</tags>
</char> 
<char id="3179425" name="Untitled" cc_theme_id="cc2" thumbnail_url="stock_thumbs/3179425.png" copyable="Y">
<tags>cc2,_cat:Office</tags>
</char> 
<char id="3179455" name="Untitled" cc_theme_id="cc2" thumbnail_url="stock_thumbs/3179455.png" copyable="Y">
<tags>cc2,_cat:Professions</tags>
</char> 
<char id="3179501" name="Untitled" cc_theme_id="cc2" thumbnail_url="stock_thumbs/3179501.png" copyable="Y">
<tags>cc2,_cat:Guy</tags>
</char> 
<char id="3179589" name="Untitled" cc_theme_id="cc2" thumbnail_url="stock_thumbs/3179589.png" copyable="Y">
<tags>cc2,_cat:Girl</tags>
</char> 
<char id="3179599" name="Untitled" cc_theme_id="cc2" thumbnail_url="stock_thumbs/3179599.png" copyable="Y">
<tags>cc2,_cat:Family</tags>
</char> 
<char id="3179678" name="Untitled" cc_theme_id="cc2" thumbnail_url="stock_thumbs/3179678.png" copyable="Y">
<tags>cc2,_cat:Professions</tags>
</char> 
<char id="3744314" name="Untitled" cc_theme_id="cc2" thumbnail_url="stock_thumbs/3744314.png" copyable="Y">
<tags>cc2,_cat:Thanksgiving</tags>
</char>
<char id="3744378" name="Untitled" cc_theme_id="cc2" thumbnail_url="stock_thumbs/3744378.png" copyable="Y">
<tags>cc2,_cat:Thanksgiving</tags>
</char>   
<char id="3744420" name="Untitled" cc_theme_id="cc2" thumbnail_url="stock_thumbs/3744420.png" copyable="Y">
<tags>cc2,_cat:Thanksgiving</tags>
</char>    
<char id="3744634" name="Untitled" cc_theme_id="cc2" thumbnail_url="stock_thumbs/3744634.png" copyable="Y">
<tags>cc2,_cat:Thanksgiving</tags>
</char>
<char id="3744683" name="Untitled" cc_theme_id="cc2" thumbnail_url="stock_thumbs/3744683.png" copyable="Y">
<tags>cc2,_cat:Thanksgiving</tags>
</char>  
<char id="3744720" name="Untitled" cc_theme_id="cc2" thumbnail_url="stock_thumbs/3744720.png" copyable="Y">
<tags>cc2,_cat:Thanksgiving</tags>
</char>
<char id="3744957" name="Untitled" cc_theme_id="cc2" thumbnail_url="stock_thumbs/3744957.png" copyable="Y">
<tags>cc2,_cat:Thanksgiving</tags>
</char>  
<char id="3745044" name="Untitled" cc_theme_id="cc2" thumbnail_url="stock_thumbs/3745044.png" copyable="Y">
<tags>cc2,_cat:Family</tags>
</char> 
<char id="3745107" name="Untitled" cc_theme_id="cc2" thumbnail_url="stock_thumbs/3745107.png" copyable="Y">
<tags>cc2,_cat:Family</tags>
</char> 
<char id="3745176" name="Untitled" cc_theme_id="cc2" thumbnail_url="stock_thumbs/3745176.png" copyable="Y">
<tags>cc2,_cat:Thanksgiving</tags>
</char> 
<char id="3745251" name="Untitled" cc_theme_id="cc2" thumbnail_url="stock_thumbs/3745251.png" copyable="Y">
<tags>cc2,_cat:Thanksgiving</tags>
</char> 
<char id="3745313" name="Untitled" cc_theme_id="cc2" thumbnail_url="stock_thumbs/3745313.png" copyable="Y">
<tags>cc2,_cat:Family</tags>
</char>
<char id="3745353" name="Untitled" cc_theme_id="cc2" thumbnail_url="stock_thumbs/3745353.png" copyable="Y">
<tags>cc2,_cat:Family</tags>
</char>
<char id="4042716" name="Untitled" cc_theme_id="cc2" thumbnail_url="stock_thumbs/4042716.png" copyable="Y">
<tags>cc2,_cat:Simple</tags>
</char>  
<char id="4043204" name="Untitled" cc_theme_id="cc2" thumbnail_url="stock_thumbs/4043204.png" copyable="Y">
<tags>cc2,_cat:Simple</tags>
</char> 
<char id="4043365" name="Untitled" cc_theme_id="cc2" thumbnail_url="stock_thumbs/4043365.png" copyable="Y">
<tags>cc2,_cat:Simple</tags>
</char> 
<char id="4043612" name="Untitled" cc_theme_id="cc2" thumbnail_url="stock_thumbs/4043612.png" copyable="Y">
<tags>cc2,_cat:Simple</tags>
</char> 
<char id="4539233" name="Singer" cc_theme_id="cc2" thumbnail_url="stock_thumbs/4539233.png" copyable="Y">
<tags>cc2,_cat:Professions</tags>
</char> 
<char id="4539803" name="Black Guitar" cc_theme_id="cc2" thumbnail_url="stock_thumbs/4539803.png" copyable="Y">
<tags>cc2,_cat:Professions</tags>
</char> 
<char id="4773517" name="Untitled" cc_theme_id="cc2" thumbnail_url="stock_thumbs/4773517.png" copyable="Y">
<tags>cc2,_cat:Professions</tags>
</char> 
<char id="4773543" name="Untitled" cc_theme_id="cc2" thumbnail_url="stock_thumbs/4773543.png" copyable="Y">
<tags>cc2,_cat:Family</tags>
</char> 
<char id="4773603" name="Untitled" cc_theme_id="cc2" thumbnail_url="stock_thumbs/4773603.png" copyable="Y">
<tags>cc2,cat:History</tags>
</char> 
<char id="4773690" name="Untitled" cc_theme_id="cc2" thumbnail_url="stock_thumbs/4773690.png" copyable="Y">
<tags>cc2,cat:History</tags>
</char> 
<char id="4773705" name="Untitled" cc_theme_id="cc2" thumbnail_url="stock_thumbs/4773705.png" copyable="Y">
<tags>cc2,cat:History</tags>
</char> 
<char id="4773753" name="Untitled" cc_theme_id="cc2" thumbnail_url="stock_thumbs/4773753.png" copyable="Y">
<tags>cc2,cat:Family</tags>
</char> 
<char id="4773782" name="Untitled" cc_theme_id="cc2" thumbnail_url="stock_thumbs/4773782.png" copyable="Y">
<tags>cc2,cat:History</tags>
</char> 
<char id="4773825" name="Untitled" cc_theme_id="cc2" thumbnail_url="stock_thumbs/4773825.png" copyable="Y">
<tags>cc2,cat:History</tags>
</char> 
<char id="4773834" name="Untitled" cc_theme_id="cc2" thumbnail_url="stock_thumbs/4773834.png" copyable="Y">
<tags>cc2,cat:Xmas</tags>
</char> 
<char id="4773896" name="Untitled" cc_theme_id="cc2" thumbnail_url="stock_thumbs/4773896.png" copyable="Y">
<tags>cc2,cat:Xmas</tags>
</char> 
<char id="4773916" name="Untitled" cc_theme_id="cc2" thumbnail_url="stock_thumbs/4773916.png" copyable="Y">
<tags>cc2,cat:Xmas</tags>
</char> 
<char id="4773982" name="Untitled" cc_theme_id="cc2" thumbnail_url="stock_thumbs/4773982.png" copyable="Y">
<tags>cc2,cat:Xmas</tags>
</char> 
<char id="4773985" name="Untitled" cc_theme_id="cc2" thumbnail_url="stock_thumbs/4773985.png" copyable="Y">
<tags>cc2,cat:Family</tags>
</char> 
<char id="4774020" name="Untitled" cc_theme_id="cc2" thumbnail_url="stock_thumbs/4774020.png" copyable="Y">
<tags>cc2,cat:History</tags>
</char> 
<char id="4774239" name="Untitled" cc_theme_id="cc2" thumbnail_url="stock_thumbs/4774239.png" copyable="Y">
<tags>cc2,cat:Xmas</tags>
</char> 
<char id="4774263" name="Untitled" cc_theme_id="cc2" thumbnail_url="stock_thumbs/4774263.png" copyable="Y">
<tags>cc2,cat:Xmas</tags>
</char> 
<char id="4774344" name="Untitled" cc_theme_id="cc2" thumbnail_url="stock_thumbs/4774344.png" copyable="Y">
<tags>cc2,cat:Xmas</tags>
</char> 
<char id="4774353" name="Untitled" cc_theme_id="cc2" thumbnail_url="stock_thumbs/4774353.png" copyable="Y">
<tags>cc2,cat:Xmas</tags>
</char> 
<char id="4774423" name="Untitled" cc_theme_id="cc2" thumbnail_url="stock_thumbs/4774423.png" copyable="Y">
<tags>cc2,cat:Family</tags>
</char>
<char id="4774700" name="Untitled" cc_theme_id="cc2" thumbnail_url="stock_thumbs/4774700.png" copyable="Y">
<tags>cc2,cat:History</tags>
</char> 
<char id="4816152" name="Untitled" cc_theme_id="cc2" thumbnail_url="stock_thumbs/4816152.png" copyable="Y">
<tags>cc2,cat:Xmas</tags>
</char> 
<char id="4911366" name="Untitled" cc_theme_id="cc2" thumbnail_url="stock_thumbs/4911366.png" copyable="Y">
<tags>cc2,cat:Professions</tags>
</char> 
<char id="4911511" name="Untitled" cc_theme_id="cc2" thumbnail_url="stock_thumbs/4911511.png" copyable="Y">
<tags>cc2,cat:Professions</tags>
</char> 
<char id="4911603" name="Untitled" cc_theme_id="cc2" thumbnail_url="stock_thumbs/4911603.png" copyable="Y">
<tags>cc2,cat:Professions</tags>
</char> 
<char id="4911674" name="Untitled" cc_theme_id="cc2" thumbnail_url="stock_thumbs/4911674.png" copyable="Y">
<tags>cc2,_cat:Family</tags>
</char> 
<char id="4911718" name="Untitled" cc_theme_id="cc2" thumbnail_url="stock_thumbs/4911718.png" copyable="Y">
<tags>cc2,_cat:Family</tags>
</char> 
<char id="4960254" name="Untitled" cc_theme_id="cc2" thumbnail_url="stock_thumbs/4960254.png" copyable="Y">
<tags>cc2,_cat:Police</tags>
</char> 
<char id="4960278" name="Untitled" cc_theme_id="cc2" thumbnail_url="stock_thumbs/4960278.png" copyable="Y">
<tags>cc2,_cat:Sci-fi</tags>
</char> 
<char id="4960618" name="Untitled" cc_theme_id="cc2" thumbnail_url="stock_thumbs/4960618.png" copyable="Y">
<tags>cc2,_cat:Sci-fi</tags>
</char> 
<char id="4960676" name="Untitled" cc_theme_id="cc2" thumbnail_url="stock_thumbs/4960676.png" copyable="Y">
<tags>cc2,_cat:Sci-fi</tags>
</char>  
<char id="5064478" name="Untitled" cc_theme_id="cc2" thumbnail_url="stock_thumbs/5064478.png" copyable="Y">
<tags>cc2,_cat:Police</tags>
</char>     
<char id="5106641" name="Untitled" cc_theme_id="cc2" thumbnail_url="stock_thumbs/5106641.png" copyable="Y">
<tags>cc2,_cat:Xmas</tags>
</char>     
<char id="5284851" name="Untitled" cc_theme_id="cc2" thumbnail_url="stock_thumbs/5284851.png" copyable="Y">
<tags>cc2,_cat:Professions</tags>
</char>   
<char id="5284881" name="Untitled" cc_theme_id="cc2" thumbnail_url="stock_thumbs/5284881.png" copyable="Y">
<tags>cc2,_cat:Professions</tags>
</char> 
<char id="5429704" name="Untitled" cc_theme_id="cc2" thumbnail_url="stock_thumbs/5429704.png" copyable="Y">
<tags>cc2,_cat:Family</tags>
</char> 
<char id="5429816" name="Untitled" cc_theme_id="cc2" thumbnail_url="stock_thumbs/5429816.png" copyable="Y">
<tags>cc2,_cat:Family</tags>
</char> 
<char id="5429855" name="Untitled" cc_theme_id="cc2" thumbnail_url="stock_thumbs/5429855.png" copyable="Y">
<tags>cc2,_cat:Sci-fi</tags>
</char> 
<char id="5429910" name="Untitled" cc_theme_id="cc2" thumbnail_url="stock_thumbs/5429910.png" copyable="Y">
<tags>cc2,_cat:Police</tags>
</char> 
<char id="5429983" name="Untitled" cc_theme_id="cc2" thumbnail_url="stock_thumbs/5429983.png" copyable="Y">
<tags>cc2,_cat:Police</tags>
</char>
<char id="5430169" name="Untitled" cc_theme_id="cc2" thumbnail_url="stock_thumbs/5430169.png" copyable="Y">
<tags>cc2,_cat:Police</tags>
</char>
<char id="5430245" name="Untitled" cc_theme_id="cc2" thumbnail_url="stock_thumbs/5430245.png" copyable="Y">
<tags>cc2,_cat:Family</tags>
</char>  
<char id="5430353" name="Untitled" cc_theme_id="cc2" thumbnail_url="stock_thumbs/5430353.png" copyable="Y">
<tags>cc2,_cat:Family</tags>
</char> 
<char id="5430535" name="Untitled" cc_theme_id="cc2" thumbnail_url="stock_thumbs/5430535.png" copyable="Y">
<tags>cc2,_cat:Family</tags>
</char>  
<char id="5431114" name="Untitled" cc_theme_id="cc2" thumbnail_url="stock_thumbs/5431114.png" copyable="Y">
<tags>cc2,_cat:Guy</tags>
</char>   
<char id="5431568" name="Untitled" cc_theme_id="cc2" thumbnail_url="stock_thumbs/5431568.png" copyable="Y">
<tags>cc2,_cat:Police</tags>
</char>  
<char id="5942441" name="Untitled" cc_theme_id="cc2" thumbnail_url="stock_thumbs/5942441.png" copyable="Y">
<tags>cc2,_cat:Office</tags>
</char>  
<char id="5942512" name="Untitled" cc_theme_id="cc2" thumbnail_url="stock_thumbs/5942512.png" copyable="Y">
<tags>cc2,_cat:Office</tags>
</char> 
<char id="5942543" name="Untitled" cc_theme_id="cc2" thumbnail_url="stock_thumbs/5942543.png" copyable="Y">
<tags>cc2,_cat:Office</tags>
</char>  
<char id="5942580" name="Untitled" cc_theme_id="cc2" thumbnail_url="stock_thumbs/5942580.png" copyable="Y">
<tags>cc2,_cat:Office</tags>
</char>  
<char id="5942581" name="Untitled" cc_theme_id="cc2" thumbnail_url="stock_thumbs/5942581.png" copyable="Y">
<tags>cc2,_cat:Office</tags>
</char>  
<char id="5942618" name="Untitled" cc_theme_id="cc2" thumbnail_url="stock_thumbs/5942618.png" copyable="Y">
<tags>cc2,_cat:Office</tags>
</char>
<char id="5942670" name="Untitled" cc_theme_id="cc2" thumbnail_url="stock_thumbs/5942670.png" copyable="Y">
<tags>cc2,_cat:Office</tags>
</char> 
<char id="5942682" name="Untitled" cc_theme_id="cc2" thumbnail_url="stock_thumbs/5942682.png" copyable="Y">
<tags>cc2,_cat:Office</tags>
</char> 
<char id="5942724" name="Untitled" cc_theme_id="cc2" thumbnail_url="stock_thumbs/5942724.png" copyable="Y">
<tags>cc2,_cat:Office</tags>
</char> 
<char id="5942813" name="Untitled" cc_theme_id="cc2" thumbnail_url="stock_thumbs/5942813.png" copyable="Y">
<tags>cc2,_cat:Office</tags>
</char> 
<char id="5998235" name="Untitled" cc_theme_id="cc2" thumbnail_url="stock_thumbs/5998235.png" copyable="Y">
<tags>cc2,_cat:Police</tags>
</char> 
<char id="5998396" name="Untitled" cc_theme_id="cc2" thumbnail_url="stock_thumbs/5998396.png" copyable="Y">
<tags>cc2,_cat:Police</tags>
</char> 
<char id="5998455" name="Untitled" cc_theme_id="cc2" thumbnail_url="stock_thumbs/5998455.png" copyable="Y">
<tags>cc2,_cat:Police</tags>
</char> 
<char id="5998482" name="Untitled" cc_theme_id="cc2" thumbnail_url="stock_thumbs/5998482.png" copyable="Y">
<tags>cc2,_cat:Police</tags>
</char> 
<char id="5998533" name="Untitled" cc_theme_id="cc2" thumbnail_url="stock_thumbs/5998533.png" copyable="Y">
<tags>cc2,_cat:Police</tags>
</char> 
<char id="5998646" name="Untitled" cc_theme_id="cc2" thumbnail_url="stock_thumbs/5998646.png" copyable="Y">
<tags>cc2,_cat:Police</tags>
</char> 
<char id="5998746" name="Untitled" cc_theme_id="cc2" thumbnail_url="stock_thumbs/5998746.png" copyable="Y">
<tags>cc2,_cat:Police</tags>
</char> 
<char id="5998922" name="Untitled" cc_theme_id="cc2" thumbnail_url="stock_thumbs/5998922.png" copyable="Y">
<tags>cc2,_cat:Police</tags>
</char> 
<char id="5999005" name="Untitled" cc_theme_id="cc2" thumbnail_url="stock_thumbs/5999005.png" copyable="Y">
<tags>cc2,_cat:Police</tags>
</char> 
<char id="5999047" name="Untitled" cc_theme_id="cc2" thumbnail_url="stock_thumbs/5999047.png" copyable="Y">
<tags>cc2,_cat:Police</tags>
</char>
<char id="5999086" name="Untitled" cc_theme_id="cc2" thumbnail_url="stock_thumbs/5999086.png" copyable="Y">
<tags>cc2,_cat:Police</tags>
</char>
<char id="5999145" name="Untitled" cc_theme_id="cc2" thumbnail_url="stock_thumbs/5999145.png" copyable="Y">
<tags>cc2,_cat:Police</tags>
</char>
<char id="5999299" name="Untitled" cc_theme_id="cc2" thumbnail_url="stock_thumbs/5999299.png" copyable="Y">
<tags>cc2,_cat:Police</tags>
</char>
<char id="5999475" name="Untitled" cc_theme_id="cc2" thumbnail_url="stock_thumbs/5999475.png" copyable="Y">
<tags>cc2,_cat:Office</tags>
</char>
<char id="6020703" name="Untitled" cc_theme_id="cc2" thumbnail_url="stock_thumbs/6020703.png" copyable="Y">
<tags>cc2,_cat:Police</tags>
</char>
<char id="6020870" name="Untitled" cc_theme_id="cc2" thumbnail_url="stock_thumbs/6020870.png" copyable="Y">
<tags>cc2,_cat:Police</tags>
</char>
<char id="6089947" name="Untitled" cc_theme_id="cc2" thumbnail_url="stock_thumbs/6089947.png" copyable="Y">
<tags>cc2,_cat:Girl</tags>
</char>
<char id="6095135" name="Untitled" cc_theme_id="cc2" thumbnail_url="stock_thumbs/6095135.png" copyable="Y">
<tags>cc2,_cat:Girl</tags>
</char>
<char id="6095173" name="Untitled" cc_theme_id="cc2" thumbnail_url="stock_thumbs/6095173.png" copyable="Y">
<tags>cc2,_cat:Office</tags>
</char>
<char id="6095313" name="Untitled" cc_theme_id="cc2" thumbnail_url="stock_thumbs/6095313.png" copyable="Y">
<tags>cc2,_cat:Office</tags>
</char>
<char id="6095395" name="Untitled" cc_theme_id="cc2" thumbnail_url="stock_thumbs/6095395.png" copyable="Y">
<tags>cc2,_cat:Office</tags>
</char>
<char id="6095538" name="Untitled" cc_theme_id="cc2" thumbnail_url="stock_thumbs/6095538.png" copyable="Y">
<tags>cc2,_cat:Office</tags>
</char>
<char id="6338456" name="Untitled" cc_theme_id="cc2" thumbnail_url="stock_thumbs/6338456.png" copyable="Y">
<tags>cc2,_cat:Police</tags>
</char>
<char id="6475976" name="Untitled" cc_theme_id="cc2" thumbnail_url="stock_thumbs/6475976.png" copyable="Y">
<tags>cc2,_cat:Office</tags>
</char>
<char id="6502618" name="Untitled" cc_theme_id="cc2" thumbnail_url="stock_thumbs/6502618.png" copyable="Y">
<tags>cc2,_cat:History</tags>
</char>
<char id="6503956" name="Untitled" cc_theme_id="cc2" thumbnail_url="stock_thumbs/6503956.png" copyable="Y">
<tags>cc2,_cat:History</tags>
</char>
<char id="6506201" name="Untitled" cc_theme_id="cc2" thumbnail_url="stock_thumbs/6506201.png" copyable="Y">
<tags>cc2,_cat:History</tags>
</char>
<char id="6506250" name="Untitled" cc_theme_id="cc2" thumbnail_url="stock_thumbs/6506250.png" copyable="Y">
<tags>cc2,_cat:History</tags>
</char>
<char id="6506325" name="Untitled" cc_theme_id="cc2" thumbnail_url="stock_thumbs/6506325.png" copyable="Y">
<tags>cc2,_cat:History</tags>
</char>
<char id="6506331" name="Untitled" cc_theme_id="cc2" thumbnail_url="stock_thumbs/6506331.png" copyable="Y">
<tags>cc2,_cat:History</tags>
</char>
<char id="6506347" name="Untitled" cc_theme_id="cc2" thumbnail_url="stock_thumbs/6506347.png" copyable="Y">
<tags>cc2,_cat:History</tags>
</char>
<char id="6506383" name="Untitled" cc_theme_id="cc2" thumbnail_url="stock_thumbs/6506383.png" copyable="Y">
<tags>cc2,_cat:History</tags>
</char>
<char id="6506385" name="Untitled" cc_theme_id="cc2" thumbnail_url="stock_thumbs/6506385.png" copyable="Y">
<tags>cc2,_cat:History</tags>
</char>
<char id="6506508" name="Untitled" cc_theme_id="cc2" thumbnail_url="stock_thumbs/6506508.png" copyable="Y">
<tags>cc2,_cat:History</tags>
</char>    
<char id="6506513" name="Untitled" cc_theme_id="cc2" thumbnail_url="stock_thumbs/6506513.png" copyable="Y">
<tags>cc2,_cat:History</tags>
</char>    
<char id="6506639" name="Untitled" cc_theme_id="cc2" thumbnail_url="stock_thumbs/6506639.png" copyable="Y">
<tags>cc2,_cat:History</tags>
</char>    
<char id="6506664" name="Untitled" cc_theme_id="cc2" thumbnail_url="stock_thumbs/6506664.png" copyable="Y">
<tags>cc2,_cat:History</tags>
</char>    
<char id="6538452" name="Untitled" cc_theme_id="cc2" thumbnail_url="stock_thumbs/6538452.png" copyable="Y">
<tags>cc2,_cat:History</tags>
</char>     
<char id="6538587" name="Untitled" cc_theme_id="cc2" thumbnail_url="stock_thumbs/6538587.png" copyable="Y">
<tags>cc2,_cat:History</tags>
</char> 
<char id="6583901" name="Untitled" cc_theme_id="cc2" thumbnail_url="stock_thumbs/6583901.png" copyable="Y">
<tags>cc2,_cat:Office</tags>
</char> 
<char id="6585622" name="Untitled" cc_theme_id="cc2" thumbnail_url="stock_thumbs/6585622.png" copyable="Y">
<tags>cc2,_cat:Office</tags>
</char> 
<char id="6586030" name="Untitled" cc_theme_id="cc2" thumbnail_url="stock_thumbs/6586030.png" copyable="Y">
<tags>cc2,_cat:Office</tags>
</char> 
<char id="6619327" name="Untitled" cc_theme_id="cc2" thumbnail_url="stock_thumbs/6619327.png" copyable="Y">
<tags>cc2,_cat:Office</tags>
</char> 
<char id="6622454" name="Untitled" cc_theme_id="cc2" thumbnail_url="stock_thumbs/6622454.png" copyable="Y">
<tags>cc2,_cat:Office</tags>
</char> 
<char id="6624507" name="Untitled" cc_theme_id="cc2" thumbnail_url="stock_thumbs/6624507.png" copyable="Y">
<tags>cc2,_cat:Office</tags>
</char> 
<char id="6719388" name="Untitled" cc_theme_id="cc2" thumbnail_url="stock_thumbs/6719388.png" copyable="Y">
<tags>cc2,_cat:Office</tags>
</char> 
<char id="7250882" name="Untitled" cc_theme_id="cc2" thumbnail_url="stock_thumbs/7250882.png" copyable="Y">
<tags>cc2,_cat:Girl</tags>
</char> 
<char id="7250925" name="Untitled" cc_theme_id="cc2" thumbnail_url="stock_thumbs/7250925.png" copyable="Y">
<tags>cc2,_cat:Office</tags>
</char> 
<char id="7251049" name="Untitled" cc_theme_id="cc2" thumbnail_url="stock_thumbs/7251049.png" copyable="Y">
<tags>cc2,_cat:Girl</tags>
</char> 
<char id="7251091" name="Untitled" cc_theme_id="cc2" thumbnail_url="stock_thumbs/7251091.png" copyable="Y">
<tags>cc2,_cat:Office</tags>
</char> 
<char id="7251127" name="Untitled" cc_theme_id="cc2" thumbnail_url="stock_thumbs/7251127.png" copyable="Y">
<tags>cc2,_cat:Guy</tags>
</char>
<char id="7630783" name="Untitled" cc_theme_id="cc2" thumbnail_url="stock_thumbs/7630783.png" copyable="Y">
<tags>cc2,_cat:Streetz</tags>
</char> 
<char id="7630857" name="Untitled" cc_theme_id="cc2" thumbnail_url="stock_thumbs/7630857.png" copyable="Y">
<tags>cc2,_cat:Streetz</tags>
</char> 
<char id="7630898" name="Untitled" cc_theme_id="cc2" thumbnail_url="stock_thumbs/7630898.png" copyable="Y">
<tags>cc2,_cat:Police</tags>
</char> 
<char id="7631035" name="Untitled" cc_theme_id="cc2" thumbnail_url="stock_thumbs/7631035.png" copyable="Y">
<tags>cc2,_cat:Streetz</tags>
</char> 
<char id="7631048" name="Untitled" cc_theme_id="cc2" thumbnail_url="stock_thumbs/7631048.png" copyable="Y">
<tags>cc2,_cat:Police</tags>
</char> 
<char id="7631549" name="Untitled" cc_theme_id="cc2" thumbnail_url="stock_thumbs/7631549.png" copyable="Y">
<tags>cc2,_cat:Girl</tags>
</char> 
<char id="7631927" name="Untitled" cc_theme_id="cc2" thumbnail_url="stock_thumbs/7631927.png" copyable="Y">
<tags>cc2,_cat:Guy</tags>
</char> 
<char id="7632322" name="Untitled" cc_theme_id="cc2" thumbnail_url="stock_thumbs/7632322.png" copyable="Y">
<tags>cc2,_cat:Guy</tags>
</char> 
<char id="7688260" name="Untitled" cc_theme_id="cc2" thumbnail_url="stock_thumbs/7688260.png" copyable="Y">
<tags>cc2,_cat:Guy</tags>
</char> 
<char id="7688688" name="Untitled" cc_theme_id="cc2" thumbnail_url="stock_thumbs/7688688.png" copyable="Y">
<tags>cc2,_cat:Streetz</tags>
</char> 
<char id="7688954" name="Untitled" cc_theme_id="cc2" thumbnail_url="stock_thumbs/7688954.png" copyable="Y">
<tags>cc2,_cat:Guy</tags>
</char> 
<char id="9311865" name="Untitled" cc_theme_id="cc2" thumbnail_url="stock_thumbs/9311865.png" copyable="Y">
<tags>cc2,_cat:Templates</tags>
</char> 
<char id="9311888" name="Untitled" cc_theme_id="cc2" thumbnail_url="stock_thumbs/9311888.png" copyable="Y">
<tags>cc2,_cat:Templates</tags>
</char> 
<char id="9312215" name="Untitled" cc_theme_id="cc2" thumbnail_url="stock_thumbs/9312215.png" copyable="Y">
<tags>cc2,_cat:Templates</tags>
</char> 
<char id="9312444" name="Untitled" cc_theme_id="cc2" thumbnail_url="stock_thumbs/9312444.png" copyable="Y">
<tags>cc2,_cat:Templates</tags>
</char> 
<char id="9312462" name="Untitled" cc_theme_id="cc2" thumbnail_url="stock_thumbs/9312462.png" copyable="Y">
<tags>cc2,_cat:Templates</tags>
</char> 
<char id="9312510" name="Untitled" cc_theme_id="cc2" thumbnail_url="stock_thumbs/9312510.png" copyable="Y">
<tags>cc2,_cat:Templates</tags>
</char> 
<char id="9312677" name="Untitled" cc_theme_id="cc2" thumbnail_url="stock_thumbs/9312677.png" copyable="Y">
<tags>cc2,_cat:Templates</tags>
</char> 
<char id="9312801" name="Untitled" cc_theme_id="cc2" thumbnail_url="stock_thumbs/9312801.png" copyable="Y">
<tags>cc2,_cat:Templates</tags>
</char> 
<char id="9313270" name="Untitled" cc_theme_id="cc2" thumbnail_url="stock_thumbs/9313270.png" copyable="Y">
<tags>cc2,_cat:Templates</tags>
</char> 
<char id="9370126" name="Untitled" cc_theme_id="cc2" thumbnail_url="stock_thumbs/9370126.png" copyable="Y">
<tags>cc2,_cat:Templates</tags>
</char> 
<char id="9373419" name="Untitled" cc_theme_id="cc2" thumbnail_url="stock_thumbs/9373419.png" copyable="Y">
<tags>cc2,_cat:Thanksgiving</tags>
</char> 
<char id="9374025" name="Untitled" cc_theme_id="cc2" thumbnail_url="stock_thumbs/9374025.png" copyable="Y">
<tags>cc2,_cat:History</tags>
</char> 
<char id="9374364" name="Untitled" cc_theme_id="cc2" thumbnail_url="stock_thumbs/9374364.png" copyable="Y">
<tags>cc2,_cat:Thanksgiving</tags>
</char> 
<char id="9435381" name="Untitled" cc_theme_id="cc2" thumbnail_url="stock_thumbs/9435381.png" copyable="Y">
<tags>cc2,_cat:Police</tags>
</char> 
<char id="9435599" name="Untitled" cc_theme_id="cc2" thumbnail_url="stock_thumbs/9435599.png" copyable="Y">
<tags>cc2,_cat:Sci-fi</tags>
</char> 
<char id="9435701" name="Untitled" cc_theme_id="cc2" thumbnail_url="stock_thumbs/9435701.png" copyable="Y">
<tags>cc2,_cat:Police</tags>
</char> 
<char id="9435720" name="Untitled" cc_theme_id="cc2" thumbnail_url="stock_thumbs/9435720.png" copyable="Y">
<tags>cc2,_cat:Sci-fi</tags>
</char> 
<char id="9435907" name="Untitled" cc_theme_id="cc2" thumbnail_url="stock_thumbs/9435907.png" copyable="Y">
<tags>cc2,_cat:Sci-fi</tags>
</char> 
<char id="9436002" name="Untitled" cc_theme_id="cc2" thumbnail_url="stock_thumbs/9436002.png" copyable="Y">
<tags>cc2,_cat:Sci-fi</tags>
</char> 
<char id="9436083" name="Untitled" cc_theme_id="cc2" thumbnail_url="stock_thumbs/9436083.png" copyable="Y">
<tags>cc2,_cat:Sci-fi</tags>
</char> 
<char id="9436107" name="Untitled" cc_theme_id="cc2" thumbnail_url="stock_thumbs/9436107.png" copyable="Y">
<tags>cc2,_cat:History</tags>
</char> 
<char id="9436241" name="Untitled" cc_theme_id="cc2" thumbnail_url="stock_thumbs/9436241.png" copyable="Y">
<tags>cc2,_cat:Famous</tags>
</char> 
<char id="9436666" name="Untitled" cc_theme_id="cc2" thumbnail_url="stock_thumbs/9436666.png" copyable="Y">
<tags>cc2,_cat:Famous</tags>
</char> 
<char id="9436670" name="Untitled" cc_theme_id="cc2" thumbnail_url="stock_thumbs/9436670.png" copyable="Y">
<tags>cc2,_cat:Sci-fi</tags>
</char> 
<char id="9436930" name="Untitled" cc_theme_id="cc2" thumbnail_url="stock_thumbs/9436930.png" copyable="Y">
<tags>cc2,_cat:Sci-fi</tags>
</char> 
<char id="9437188" name="Untitled" cc_theme_id="cc2" thumbnail_url="stock_thumbs/9437188.png" copyable="Y">
<tags>cc2,_cat:History</tags>
</char> 
<char id="9437275" name="Untitled" cc_theme_id="cc2" thumbnail_url="stock_thumbs/9437275.png" copyable="Y">
<tags>cc2,_cat:Famous</tags>
</char> 
<char id="9437803" name="Untitled" cc_theme_id="cc2" thumbnail_url="stock_thumbs/9437803.png" copyable="Y">
<tags>cc2,_cat:Famous</tags>
</char> 
<char id="9437813" name="Untitled" cc_theme_id="cc2" thumbnail_url="stock_thumbs/9437813.png" copyable="Y">
<tags>cc2,_cat:Famous</tags>
</char> 
<char id="9438036" name="Untitled" cc_theme_id="cc2" thumbnail_url="stock_thumbs/9438036.png" copyable="Y">
<tags>cc2,_cat:Scary</tags>
</char>     
<char id="9438712" name="Untitled" cc_theme_id="cc2" thumbnail_url="stock_thumbs/9438712.png" copyable="Y">
<tags>cc2,_cat:Famous</tags>
</char>     
<char id="9438725" name="Untitled" cc_theme_id="cc2" thumbnail_url="stock_thumbs/9438725.png" copyable="Y">
<tags>cc2,_cat:Famous</tags>
</char>     
<char id="9499102" name="Untitled" cc_theme_id="cc2" thumbnail_url="stock_thumbs/9499102.png" copyable="Y">
<tags>cc2,_cat:Thanksgiving</tags>
</char>   
<char id="9499179" name="Untitled" cc_theme_id="cc2" thumbnail_url="stock_thumbs/9499179.png" copyable="Y">
<tags>cc2,_cat:Thanksgiving</tags>
</char>   
<char id="9499254" name="Untitled" cc_theme_id="cc2" thumbnail_url="stock_thumbs/9499254.png" copyable="Y">
<tags>cc2,_cat:Thanksgiving</tags>
</char>  
<char id="9499408" name="Untitled" cc_theme_id="cc2" thumbnail_url="stock_thumbs/9499408.png" copyable="Y">
<tags>cc2,_cat:Thanksgiving</tags>
</char>  
<char id="9501962" name="Untitled" cc_theme_id="cc2" thumbnail_url="stock_thumbs/9501962.png" copyable="Y">
<tags>cc2,_cat:History</tags>
</char>  
<char id="9867863" name="Untitled" cc_theme_id="cc2" thumbnail_url="stock_thumbs/9867863.png" copyable="Y">
<tags>cc2,_cat:History</tags>
</char> 
<char id="10056615" name="Untitled" cc_theme_id="cc2" thumbnail_url="stock_thumbs/10056615.png" copyable="Y">
<tags>cc2,_cat:Templates</tags>
</char> 
<char id="10085953" name="Untitled" cc_theme_id="cc2" thumbnail_url="stock_thumbs/10085953.png" copyable="Y">
<tags>cc2,_cat:Templates</tags>
</char> 
<char id="10086256" name="Untitled" cc_theme_id="cc2" thumbnail_url="stock_thumbs/10086256.png" copyable="Y">
<tags>cc2,_cat:Templates</tags>
</char> 
<char id="13879240" name="Untitled" cc_theme_id="cc2" thumbnail_url="stock_thumbs/13879240.png" copyable="Y">
<tags>cc2,_cat:Family</tags>
</char> 
<char id="15467732" name="Untitled" cc_theme_id="cc2" thumbnail_url="stock_thumbs/15467732.png" copyable="Y">
<tags>cc2,_cat:Office</tags>
</char> 
<char id="20427645" name="Untitled" cc_theme_id="cc2" thumbnail_url="stock_thumbs/20427645.png" copyable="Y">
<tags>cc2,_cat:Sci-fi</tags>
</char>
<char id="20430414" name="Untitled" cc_theme_id="cc2" thumbnail_url="stock_thumbs/20430414.png" copyable="Y">
<tags>cc2,_cat:Thanksgiving</tags>
</char>
<char id="20431114" name="Untitled" cc_theme_id="cc2" thumbnail_url="stock_thumbs/20431114.png" copyable="Y">
<tags>cc2,_cat:Thanksgiving</tags>
</char>
<char id="20433434" name="Untitled" cc_theme_id="cc2" thumbnail_url="stock_thumbs/20433434.png" copyable="Y">
<tags>cc2,_cat:Sci-fi</tags>
</char>
<char id="25935485" name="Untitled" cc_theme_id="cc2" thumbnail_url="stock_thumbs/25935485.png" copyable="Y">
<tags>cc2,_cat:Girl</tags>
</char>
<char id="25935541" name="Untitled" cc_theme_id="cc2" thumbnail_url="stock_thumbs/25935541.png" copyable="Y">
<tags>cc2,_cat:Office</tags>
</char>
<char id="25940170" name="Untitled" cc_theme_id="cc2" thumbnail_url="stock_thumbs/25940170.png" copyable="Y">
<tags>cc2,_cat:Girl</tags>
</char>
<char id="25940525" name="Untitled" cc_theme_id="cc2" thumbnail_url="stock_thumbs/25940525.png" copyable="Y">
<tags>cc2,_cat:Girl</tags>
</char>
<char id="25940825" name="Untitled" cc_theme_id="cc2" thumbnail_url="stock_thumbs/25940825.png" copyable="Y">
<tags>cc2,_cat:Famous</tags>
</char>
<char id="25941536" name="Untitled" cc_theme_id="cc2" thumbnail_url="stock_thumbs/25941536.png" copyable="Y">
<tags>cc2,_cat:Famous</tags>
</char>
<char id="25942219" name="Untitled" cc_theme_id="cc2" thumbnail_url="stock_thumbs/25942219.png" copyable="Y">
<tags>cc2,_cat:Famous</tags>
</char>
<char id="25942886" name="Untitled" cc_theme_id="cc2" thumbnail_url="stock_thumbs/25942886.png" copyable="Y">
<tags>cc2,_cat:Girl</tags>
</char>
<char id="25943049" name="Untitled" cc_theme_id="cc2" thumbnail_url="stock_thumbs/25943049.png" copyable="Y">
<tags>cc2,_cat:Girl</tags>
</char>
<char id="25943298" name="Untitled" cc_theme_id="cc2" thumbnail_url="stock_thumbs/25943298.png" copyable="Y">
<tags>cc2,_cat:Girl</tags>
</char>
<char id="25943318" name="Untitled" cc_theme_id="cc2" thumbnail_url="stock_thumbs/25943318.png" copyable="Y">
<tags>cc2,_cat:Girl</tags>
</char>
<char id="30309828" name="Untitled" cc_theme_id="cc2" thumbnail_url="stock_thumbs/30309828.png" copyable="Y">
<tags>cc2,_cat:Sci-fi</tags>
</char>
<char id="30311046" name="Untitled" cc_theme_id="cc2" thumbnail_url="stock_thumbs/30311046.png" copyable="Y">
<tags>cc2,_cat:Sci-fi</tags>
</char>
<char id="30312073" name="Untitled" cc_theme_id="cc2" thumbnail_url="stock_thumbs/30312073.png" copyable="Y">
<tags>cc2,_cat:Sci-fi</tags>
</char>
<char id="30312704" name="Untitled" cc_theme_id="cc2" thumbnail_url="stock_thumbs/30312704.png" copyable="Y">
<tags>cc2,_cat:Sci-fi</tags>
</char>
<char id="30315019" name="Untitled" cc_theme_id="cc2" thumbnail_url="stock_thumbs/30315019.png" copyable="Y">
<tags>cc2,_cat:Sci-fi</tags>
</char>
<char id="45171618" name="Untitled" cc_theme_id="cc2" thumbnail_url="stock_thumbs/45171618.png" copyable="Y">
<tags>cc2,_cat:Sci-fi</tags>
</char>   
<char id="45171842" name="Untitled" cc_theme_id="cc2" thumbnail_url="stock_thumbs/45171842.png" copyable="Y">
<tags>cc2,_cat:Sci-fi</tags>
</char>   
<char id="45176855" name="Untitled" cc_theme_id="cc2" thumbnail_url="stock_thumbs/45176855.png" copyable="Y">
<tags>cc2,_cat:Sci-fi</tags>
</char>   
<char id="45429745" name="Untitled" cc_theme_id="cc2" thumbnail_url="stock_thumbs/45429745.png" copyable="Y">
<tags>cc2,_cat:Sci-fi</tags>
</char>   
<char id="45430326" name="Untitled" cc_theme_id="cc2" thumbnail_url="stock_thumbs/45430326.png" copyable="Y">
<tags>cc2,_cat:Sci-fi</tags>
</char>   
<char id="45431246" name="Untitled" cc_theme_id="cc2" thumbnail_url="stock_thumbs/45431246.png" copyable="Y">
<tags>cc2,_cat:Sci-fi</tags>
</char> 
<char id="45432794" name="Untitled" cc_theme_id="cc2" thumbnail_url="stock_thumbs/45432794.png" copyable="Y">
<tags>cc2,_cat:Sci-fi</tags>
</char> 
<char id="45434050" name="Untitled" cc_theme_id="cc2" thumbnail_url="stock_thumbs/45434050.png" copyable="Y">
<tags>cc2,_cat:Sci-fi</tags>
</char> 
<char id="45434521" name="Untitled" cc_theme_id="cc2" thumbnail_url="stock_thumbs/45434521.png" copyable="Y">
<tags>cc2,_cat:Sci-fi</tags>
</char> 
<char id="54893402" name="Untitled" cc_theme_id="cc2" thumbnail_url="stock_thumbs/54893402.png" copyable="Y">
<tags>cc2,_cat:Office</tags>
</char> 
<char id="54896030" name="Untitled" cc_theme_id="cc2" thumbnail_url="stock_thumbs/54896030.png" copyable="Y">
<tags>cc2,_cat:Office</tags>
</char>
<char id="54897233" name="Untitled" cc_theme_id="cc2" thumbnail_url="stock_thumbs/54897233.png" copyable="Y">
<tags>cc2,_cat:Office</tags>
</char>
<char id="54908901" name="Untitled" cc_theme_id="cc2" thumbnail_url="stock_thumbs/54908901.png" copyable="Y">
<tags>cc2,_cat:Office</tags>
</char>
<char id="54910253" name="Untitled" cc_theme_id="cc2" thumbnail_url="stock_thumbs/54910253.png" copyable="Y">
<tags>cc2,_cat:Office</tags>
</char>
<char id="54912010" name="Untitled" cc_theme_id="cc2" thumbnail_url="stock_thumbs/54912010.png" copyable="Y">
<tags>cc2,_cat:Office</tags>
</char>
<char id="56194195" name="Untitled" cc_theme_id="cc2" thumbnail_url="stock_thumbs/56194195.png" copyable="Y">
<tags>cc2,_cat:Sci-fi</tags>
</char>
<char id="56196737" name="Untitled" cc_theme_id="cc2" thumbnail_url="stock_thumbs/56196737.png" copyable="Y">
<tags>cc2,_cat:Sci-fi</tags>
</char>
<char id="56199758" name="Untitled" cc_theme_id="cc2" thumbnail_url="stock_thumbs/56199758.png" copyable="Y">
<tags>cc2,_cat:Sci-fi</tags>
</char>
<char id="56200283" name="Untitled" cc_theme_id="cc2" thumbnail_url="stock_thumbs/56200283.png" copyable="Y">
<tags>cc2,_cat:Sci-fi</tags>
</char>
<char id="58879592" name="Untitled" cc_theme_id="cc2" thumbnail_url="stock_thumbs/58879592.png" copyable="Y">
<tags>cc2,_cat:Girl</tags>
</char>
<char id="58880357" name="Untitled" cc_theme_id="cc2" thumbnail_url="stock_thumbs/58880357.png" copyable="Y">
<tags>cc2,_cat:Girl</tags>
</char>
<char id="61413708" name="Untitled" cc_theme_id="cc2" thumbnail_url="stock_thumbs/61413708.png" copyable="Y">
<tags>cc2,_cat:GA4S Characters</tags>
</char>
<char id="61413711" name="Untitled" cc_theme_id="cc2" thumbnail_url="stock_thumbs/61413711.png" copyable="Y">
<tags>cc2,_cat:GA4S Characters</tags>
</char>
<char id="61413713" name="Untitled" cc_theme_id="cc2" thumbnail_url="stock_thumbs/61413713.png" copyable="Y">
<tags>cc2,_cat:GA4S Characters</tags>
</char>
<char id="61413716" name="Untitled" cc_theme_id="cc2" thumbnail_url="stock_thumbs/61413716.png" copyable="Y">
<tags>cc2,_cat:GA4S Characters</tags>
</char>
<char id="61413720" name="Untitled" cc_theme_id="cc2" thumbnail_url="stock_thumbs/61413720.png" copyable="Y">
<tags>cc2,_cat:GA4S Characters</tags>
</char>
<char id="61413729" name="Untitled" cc_theme_id="cc2" thumbnail_url="stock_thumbs/61413729.png" copyable="Y">
<tags>cc2,_cat:GA4S Characters</tags>
</char>   
<char id="61420871" name="Untitled" cc_theme_id="cc2" thumbnail_url="stock_thumbs/61420871.png" copyable="Y">
<tags>cc2,_cat:GA4S Characters</tags>
</char>   
<char id="61421220" name="Untitled" cc_theme_id="cc2" thumbnail_url="stock_thumbs/61421220.png" copyable="Y">
<tags>cc2,_cat:GA4S Characters</tags>
</char>  
<char id="61421340" name="Untitled" cc_theme_id="cc2" thumbnail_url="stock_thumbs/61421340.png" copyable="Y">
<tags>cc2,_cat:GA4S Characters</tags>
</char>
<char id="61421560" name="Untitled" cc_theme_id="cc2" thumbnail_url="stock_thumbs/61421560.png" copyable="Y">
<tags>cc2,_cat:GA4S Characters</tags>
</char>   
<char id="61421757" name="Untitled" cc_theme_id="cc2" thumbnail_url="stock_thumbs/61421757.png" copyable="Y">
<tags>cc2,_cat:GA4S Characters</tags>
</char> 
<char id="61421823" name="Untitled" cc_theme_id="cc2" thumbnail_url="stock_thumbs/61421823.png" copyable="Y">
<tags>cc2,_cat:GA4S Characters</tags>
</char>  
<char id="61421957" name="Untitled" cc_theme_id="cc2" thumbnail_url="stock_thumbs/61421957.png" copyable="Y">
<tags>cc2,_cat:GA4S Characters</tags>
</char> 
<char id="61421982" name="Untitled" cc_theme_id="cc2" thumbnail_url="stock_thumbs/61421982.png" copyable="Y">
<tags>cc2,_cat:GA4S Characters</tags>
</char>   
<char id="61422021" name="Untitled" cc_theme_id="cc2" thumbnail_url="char-default.png" copyable="Y">
<tags>cc2,_cat:GA4S Characters</tags>
</char>   
<char id="61422057" name="Untitled" cc_theme_id="cc2" thumbnail_url="char-default.png" copyable="Y">
<tags>cc2,_cat:GA4S Characters</tags>
</char>   
<char id="61422093" name="Untitled" cc_theme_id="cc2" thumbnail_url="char-default.png" copyable="Y">
<tags>cc2,_cat:GA4S Characters</tags>
</char>
<char id="61422108" name="Untitled" cc_theme_id="cc2" thumbnail_url="char-default.png" copyable="Y">
<tags>cc2,_cat:GA4S Characters</tags>
</char>   
<char id="61422117" name="Untitled" cc_theme_id="cc2" thumbnail_url="char-default.png" copyable="Y">
<tags>cc2,_cat:GA4S Characters</tags>
</char> 
<char id="61422132" name="Untitled" cc_theme_id="cc2" thumbnail_url="char-default.png" copyable="Y">
<tags>cc2,_cat:GA4S Characters</tags>
</char>   
<char id="61422139" name="Untitled" cc_theme_id="cc2" thumbnail_url="char-default.png" copyable="Y">
<tags>cc2,_cat:GA4S Characters</tags>
</char>
<char id="61422151" name="Untitled" cc_theme_id="cc2" thumbnail_url="char-default.png" copyable="Y">
<tags>cc2,_cat:GA4S Characters</tags>
</char>   
<char id="61422157" name="Untitled" cc_theme_id="cc2" thumbnail_url="char-default.png" copyable="Y">
<tags>cc2,_cat:GA4S Characters</tags>
</char>   
<char id="61422165" name="Untitled" cc_theme_id="cc2" thumbnail_url="char-default.png" copyable="Y">
<tags>cc2,_cat:GA4S Characters</tags>
</char>   
<char id="61422171" name="Untitled" cc_theme_id="cc2" thumbnail_url="char-default.png" copyable="Y">
<tags>cc2,_cat:GA4S Characters</tags>
</char>   
<char id="64703019" name="Untitled" cc_theme_id="cc2" thumbnail_url="stock_thumbs/64703019.png" copyable="Y">
<tags>cc2,_cat:Sci-fi</tags>
</char>
<char id="64703202" name="Untitled" cc_theme_id="cc2" thumbnail_url="stock_thumbs/64703202.png" copyable="Y">
<tags>cc2,_cat:Sci-fi</tags>
</char>
</theme> 
