<?xml version="1.0" encoding="utf-8"?>
<theme id="test 1" name="Test 1">
	<char id="matchBoyNew" name="Match Boy" thumb="stand.swf" facing="left" default="stand.swf" motion="walk.swf" enable="Y" is_premium="N" aid="4806" money="0" sharing="0">
		<action id="stand.swf" name="Stand" loop="Y" totalframe="72" enable="Y" aid="4807"/>
		<motion id="walk.swf" name="Walk" loop="Y" totalframe="8" enable="Y" aid="4808"/>
		<action id="angry.swf" name="angry" loop="Y" totalframe="50" enable="Y" aid="4809"/>
		<action id="confused.swf" name="confused" loop="Y" totalframe="70" enable="Y" aid="4810"/>
		<action id="excited.swf" name="excited" loop="Y" totalframe="75" enable="Y" aid="4811"/>
		<action id="scared.swf" name="scared" loop="Y" totalframe="2" enable="Y" aid="4812"/>
		<action id="furious.swf" name="furious" loop="Y" totalframe="100" enable="Y" aid="4813"/>
		<action id="happy.swf" name="happy" loop="Y" totalframe="60" enable="Y" aid="4814"/>
		<action id="in_love.swf" name="In love" loop="Y" totalframe="100" enable="Y" aid="4815"/>
		<action id="sad.swf" name="sad" loop="N" totalframe="70" enable="Y" aid="4816"/>
		<action id="scheming.swf" name="scheming" loop="Y" totalframe="75" enable="Y" aid="4817"/>
		<action id="shocked.swf" name="shocked" loop="Y" totalframe="2" enable="Y" aid="4818"/>
		<action id="shy.swf" name="shy" loop="Y" totalframe="50" enable="Y" aid="4819"/>
		<action id="desperate.swf" name="desperate" loop="Y" totalframe="43" enable="Y" aid="4820"/>
		<action id="bored.swf" name="bored" loop="Y" totalframe="130" enable="Y" aid="4821"/>
		<action id="dance.swf" name="Dance" loop="Y" totalframe="44" enable="Y" aid="4822"/>
		<action id="die.swf" name="Die" loop="N" totalframe="72" enable="Y" aid="4823"/>
		<action id="fart.swf" name="Fart" loop="Y" totalframe="48" enable="N" aid="4824"/>
		<action id="kiss.swf" name="Kiss" loop="Y" totalframe="54" enable="Y" aid="4825"/>
		<action id="laugh.swf" name="Laugh" loop="Y" totalframe="3" enable="Y" aid="4826"/>
		<action id="talk.swf" name="Talk" loop="Y" totalframe="48" enable="Y" aid="4827"/>
		<action id="threaten.swf" name="Become Threatened" loop="Y" totalframe="2" enable="Y" aid="4828"/>
		<action id="propose.swf" name="Propose (a)" loop="Y" totalframe="40" enable="Y" aid="4829"/>
		<action id="propose02.swf" name="Propose (b)" loop="Y" totalframe="45" enable="Y" aid="4830"/>
		<action id="murder01.swf" name="Murdered (a)" loop="Y" totalframe="42" enable="Y" aid="4831"/>
		<action id="murder02.swf" name="Murdered (b)" loop="Y" totalframe="50" enable="Y" aid="4832"/>
		<action id="kill06.swf" name="Kill" loop="Y" totalframe="20" enable="Y" aid="4833"/>
	</char>
	<char id="matchGirl" name="Match Girl" thumb="stand.swf" facing="left" default="stand.swf" motion="walk.swf" enable="Y" is_premium="N" aid="4834" money="0" sharing="0">
		<action id="stand.swf" name="Stand" loop="Y" totalframe="4" enable="Y" aid="4835"/>
		<motion id="walk.swf" name="Walk" loop="Y" totalframe="58" enable="Y" aid="4836"/>
		<action id="angry.swf" name="angry" loop="Y" totalframe="50" enable="Y" aid="4837"/>
		<action id="confused.swf" name="confused" loop="Y" totalframe="70" enable="Y" aid="4838"/>
		<action id="excited.swf" name="excited" loop="Y" totalframe="75" enable="Y" aid="4839"/>
		<action id="scared.swf" name="scared" loop="Y" totalframe="2" enable="Y" aid="4840"/>
		<action id="furious.swf" name="furious" loop="Y" totalframe="100" enable="Y" aid="4841"/>
		<action id="happy.swf" name="happy" loop="Y" totalframe="60" enable="Y" aid="4842"/>
		<action id="in_love.swf" name="In love" loop="Y" totalframe="100" enable="Y" aid="4843"/>
		<action id="sad.swf" name="sad" loop="N" totalframe="70" enable="Y" aid="4844"/>
		<action id="scheming.swf" name="scheming" loop="Y" totalframe="75" enable="Y" aid="4845"/>
		<action id="shocked.swf" name="shocked" loop="Y" totalframe="2" enable="Y" aid="4846"/>
		<action id="desperate.swf" name="desperate" loop="Y" totalframe="43" enable="Y" aid="4847"/>
		<action id="bored.swf" name="bored" loop="Y" totalframe="130" enable="Y" aid="4848"/>
		<action id="kiss.swf" name="Kiss" loop="Y" totalframe="35" enable="Y" aid="4849"/>
		<action id="talk.swf" name="Talk" loop="Y" totalframe="50" enable="Y" aid="4850"/>
		<action id="murder01.swf" name="Murdered (a)" loop="Y" totalframe="35" enable="Y" aid="4851"/>
		<action id="murder02.swf" name="Murdered (b)" loop="Y" totalframe="70" enable="Y" aid="4852"/>
		<action id="shy.swf" name="Shy" loop="Y" totalframe="16" enable="Y" aid="4853"/>
		<action id="dance01.swf" name="Dance (a)" loop="Y" totalframe="25" enable="Y" aid="4854"/>
		<action id="dance02.swf" name="Dance (b)" loop="Y" totalframe="13" enable="Y" aid="4855"/>
		<action id="greeting.swf" name="Greeting (a)" loop="Y" totalframe="65" enable="Y" aid="4856"/>
		<action id="greeting02.swf" name="Greeting (b)" loop="Y" totalframe="75" enable="Y" aid="4857"/>
		<action id="sing.swf" name="Sing" loop="Y" totalframe="24" enable="Y" aid="4858"/>
		<action id="think.swf" name="Think" loop="Y" totalframe="75" enable="Y" aid="4859"/>
		<action id="cry.swf" name="Cry" loop="Y" totalframe="24" enable="Y" aid="4860"/>
	</char>
	<char id="boss_char" name="Boss" thumb="stand.swf" facing="left" default="stand.swf" motion="walk.swf" enable="Y" is_premium="Y" aid="8259" money="0" sharing="0">
		<action id="guitar.swf" name="Play guitar" loop="Y" totalframe="76" enable="Y" aid="8260"/>
		<action id="leak.swf" name="Leak energy" loop="Y" totalframe="100" enable="Y" aid="8261"/>
		<action id="sit.swf" name="Sitting" loop="Y" totalframe="34" enable="Y" aid="8262"/>
		<action id="stand.swf" name="Standing" loop="Y" totalframe="50" enable="Y" aid="8263"/>
		<action id="talk.swf" name="Talk" loop="Y" totalframe="114" enable="Y" aid="8264"/>
		<action id="weight_lift.swf" name="Work out" loop="Y" totalframe="30" enable="Y" aid="8265"/>
		<motion id="walk.swf" name="Walk" loop="Y" totalframe="14" enable="Y" aid="8266"/>
		<motion id="tired_walk.swf" name="Tired Walk" loop="Y" totalframe="63" enable="Y" aid="8267"/>
		<facial id="head_neutral.swf" name="Neutral" enable="Y" aid="8268"/>
		<facial id="head_happy.swf" name="Happy" enable="Y" aid="8269"/>
		<facial id="head_angry.swf" name="Angry" enable="Y" aid="8270"/>
		<facial id="head_sad.swf" name="Sad" enable="Y" aid="8271"/>
		<facial id="head_talk.swf" name="Talk" enable="Y" aid="8272"/>
		<facial id="head_talk_happy.swf" name="Talk Happy" enable="Y" aid="8273"/>
		<facial id="head_talk_angry.swf" name="Talk Angry" enable="Y" aid="8274"/>
	</char>
	<char id="dave_char" name="Dave" thumb="stand.swf" facing="left" default="stand.swf" motion="walk.swf" enable="Y" is_premium="Y" aid="8275" money="0" sharing="0">
		<action id="stand.swf" name="Standing" loop="Y" totalframe="1" enable="Y" aid="8276"/>
		<action id="sit.swf" name="Sitting" loop="Y" totalframe="1" enable="Y" aid="8277"/>
		<action id="talk.swf" name="Talk" loop="Y" totalframe="150" enable="Y" aid="8278"/>
		<action id="get_excited.swf" name="Excited" loop="Y" totalframe="38" enable="Y" aid="8279"/>
		<action id="drink.swf" name="Drink Energy Drink" loop="Y" totalframe="60" enable="Y" aid="8280"/>
		<action id="rock.swf" name="Play Guitar" loop="Y" totalframe="38" enable="Y" aid="8281"/>
		<motion id="walk.swf" name="Walk" loop="Y" totalframe="12" enable="Y" aid="8282"/>
		<facial id="head_neutral.swf" name="Neutral" enable="Y" aid="8283"/>
		<facial id="head_happy.swf" name="Happy" enable="Y" aid="8284"/>
		<facial id="head_angry.swf" name="Angry" enable="Y" aid="8285"/>
		<facial id="head_sad.swf" name="Sad" enable="Y" aid="8286"/>
		<facial id="head_talk.swf" name="Talk" enable="Y" aid="8287"/>
		<facial id="head_talk_happy.swf" name="Talk Happy" enable="Y" aid="8288"/>
		<facial id="head_talk_angry.swf" name="Talk Angry" enable="Y" aid="8289"/>
	</char>
	<char id="clyde_char" name="Clyde" thumb="stand.swf" facing="left" default="stand.swf" motion="walk.swf" enable="Y" is_premium="Y" aid="8290" money="0" sharing="0">
		<action id="stand.swf" name="Standing" loop="Y" totalframe="40" enable="Y" aid="8291"/>
		<action id="sit.swf" name="Sitting" loop="Y" totalframe="40" enable="Y" aid="8292"/>
		<action id="talk.swf" name="Talk" loop="Y" totalframe="106" enable="Y" aid="8293"/>
		<action id="read_magazine.swf" name="Read Magazine" loop="Y" totalframe="1" enable="Y" aid="8294"/>
		<action id="flip_beef_patty.swf" name="Flip Beef Patty" loop="Y" totalframe="80" enable="Y" aid="8295"/>
		<action id="throw_up.swf" name="Throw up" loop="Y" totalframe="80" enable="Y" aid="8296"/>
		<motion id="walk.swf" name="Walk" loop="Y" totalframe="20" enable="Y" aid="8297"/>
		<facial id="head_neutral.swf" name="Neutral" enable="Y" aid="8298"/>
		<facial id="head_happy.swf" name="Happy" enable="Y" aid="8299"/>
		<facial id="head_angry.swf" name="Angry" enable="Y" aid="8300"/>
		<facial id="head_sad.swf" name="Sad" enable="Y" aid="8301"/>
		<facial id="head_talk.swf" name="Talk" enable="Y" aid="8302"/>
		<facial id="head_talk_happy.swf" name="Talk Happy" enable="Y" aid="8303"/>
		<facial id="head_talk_angry.swf" name="Talk Angry" enable="Y" aid="8304"/>
	</char>
	<char id="kid_bluey" name="Bluey" thumb="bluey_stand.swf" facing="left" default="bluey_stand.swf" motion="bluey_stand.swf" enable="Y" is_premium="Y" aid="8290" money="0" sharing="0">
        <tag>cat:Bluey</tag>
        <category name="Kid Blueys Actions">
        <action id="bluey_stand.swf" name="Stand" loop="Y" totalframe="1" enable="Y" aid="60"/>
        </category>
        </char>
	<char id="kid_bingo" name="Bingo" thumb="bingo_stand.swf" facing="left" default="bingo_stand.swf" motion="bingo_stand.swf" enable="Y" is_premium="Y" aid="8290" money="0" sharing="0">
        <tag>cat:Bluey</tag>
        <category name="Kid Bingos Actions">
        <action id="bingo_stand.swf" name="Stand" loop="Y" totalframe="1" enable="Y" aid="60"/>
        </category>
        </char>
	<background id="bg01.swf" name="Trailer park" enable="Y" default="Y" is_premium="N" aid="8305" money="0" sharing="0"/>
	<background id="bg02.swf" name="Inside trailer" enable="Y" default="N" is_premium="N" aid="8306" money="0" sharing="0"/>
	<background id="bg03.swf" name="Basketball court" enable="Y" default="N" is_premium="N" aid="8307" money="0" sharing="0"/>
	<background id="bg04.swf" name="Inside Trailer" enable="Y" default="N" is_premium="N" aid="8308" money="0" sharing="0"/>
	<prop id="acoustic_guitar.swf" name="Acoustic guitar" holdable="1" placeable="1" wearable="0" facing="left" thumb="" enable="Y" is_premium="Y" aid="8235" money="0" sharing="0"/>
	<prop id="boombox.swf" name="Boombox" holdable="1" placeable="1" wearable="0" facing="left" thumb="" enable="Y" is_premium="Y" aid="8236" money="0" sharing="0"/>
	<prop id="boss_sunglasses.swf" name="Boss Sunglasses" holdable="0" placeable="1" wearable="1" facing="left" thumb="" enable="Y" is_premium="Y" aid="8237" money="0" sharing="0"/>
	<prop id="burger.swf" name="Burger" holdable="1" placeable="1" wearable="0" facing="left" thumb="" enable="Y" is_premium="Y" aid="8238" money="0" sharing="0"/>
	<prop id="car.swf" name="Car" holdable="0" placeable="1" wearable="0" facing="left" thumb="" enable="Y" is_premium="Y" aid="8239" money="0" sharing="0"/>
	<prop id="chair.swf" name="outdoor chair" holdable="0" placeable="1" wearable="0" facing="left" thumb="" enable="Y" is_premium="Y" aid="8240" money="0" sharing="0"/>
	<prop id="chair02.swf" name="old chair" holdable="0" placeable="1" wearable="0" facing="left" thumb="" enable="Y" is_premium="Y" aid="8241" money="0" sharing="0"/>
	<prop id="drink.swf" name="Energy drink" holdable="1" placeable="1" wearable="0" facing="left" thumb="" enable="Y" is_premium="Y" aid="8242" money="0" sharing="0"/>
	<prop id="dumbell.swf" name="Dumbell" holdable="1" placeable="1" wearable="0" facing="left" thumb="" enable="Y" is_premium="Y" aid="8243" money="0" sharing="0"/>
	<prop id="fastfood.swf" name="Fast food combo" holdable="0" placeable="1" wearable="0" facing="left" thumb="" enable="Y" is_premium="Y" aid="8244" money="0" sharing="0"/>
	<prop id="guitar.swf" name="Electric guitar" holdable="1" placeable="1" wearable="0" facing="left" thumb="" enable="Y" is_premium="Y" aid="8245" money="0" sharing="0"/>
	<prop id="msp_bbq" name="BBQ" holdable="0" placeable="1" wearable="0" facing="left" thumb="msp_bbq_grill.swf" enable="Y" is_premium="Y" aid="8246" money="0" sharing="0">
		<state id="msp_bbq_grill.swf" name="BBQ" enable="Y" default="Y"/>
		<state id="msp_bbq_grill_food.swf" name="BBQ Food" enable="Y"/>
	</prop>
	<prop id="msp_fridge" name="Fridge" holdable="0" placeable="1" wearable="0" facing="left" thumb="msp_fridge_frigerator_close.swf" enable="Y" is_premium="Y" aid="8249" money="0" sharing="0">
		<state id="msp_fridge_frigerator_close.swf" name="Closed" enable="Y" default="Y"/>
		<state id="msp_fridge_frigerator_open.swf" name="Opened" enable="Y"/>
	</prop>
	<prop id="sofa01.swf" name="Sofa" holdable="0" placeable="1" wearable="0" facing="left" thumb="" enable="Y" is_premium="Y" aid="8252" money="0" sharing="0"/>
	<prop id="sofa02.swf" name="Sofa" holdable="0" placeable="1" wearable="0" facing="left" thumb="" enable="Y" is_premium="Y" aid="8253" money="0" sharing="0"/>
	<prop id="spatula.swf" name="Spatula" holdable="1" placeable="1" wearable="0" facing="left" thumb="" enable="Y" is_premium="Y" aid="8254" money="0" sharing="0"/>
	<prop id="speaker.swf" name="Speaker" holdable="0" placeable="1" wearable="0" facing="left" thumb="" enable="Y" is_premium="Y" aid="8255" money="0" sharing="0"/>
	<prop id="stove.swf" name="Stove" holdable="0" placeable="1" wearable="0" facing="left" thumb="" enable="Y" is_premium="Y" aid="8256" money="0" sharing="0"/>
	<prop id="tv.swf" name="TV" holdable="0" placeable="1" wearable="0" facing="left" thumb="" enable="Y" is_premium="Y" aid="8257" money="0" sharing="0"/>
	<prop id="water_gun.swf" name="Water gun" holdable="1" placeable="1" wearable="0" facing="left" thumb="" enable="Y" is_premium="Y" aid="8258" money="0" sharing="0"/>
</theme>
